{"chain": [{"index": 0, "timestamp": 1620407855.8416224, "previous_hash": "Gotta Catch `em All", "nonce": 0}, {"index": 1, "timestamp": 1620408497.3852706, "previous_hash": "13457c69b9a073eb38cf0bab4a49a58d9d9a05282d67a7c54d83201c8533d230", "nonce": 27866286}]}